name,natural,batch,condition,seed
or1,3,batch1,n,115
or2,4,batch1,n,115
or3,1,batch1,n,115
or4,3,batch1,n,115
or6,4,batch1,n,115
or7,3,batch1,n,115
or8,3,batch1,n,115
or9,4,batch1,n,115
or10,3,batch1,n,115
or11,4,batch1,n,115
or12,3,batch1,n,115
or13,3,batch1,n,115
or14,3,batch1,n,115
or15,2,batch1,n,115
cs16,3,batch1,n,115
cs17,3,batch1,n,115
cs18,3,batch1,n,115
cs19,3,batch1,n,115
cs20,1,batch1,n,115
cs21,3,batch1,n,115
cs22,4,batch1,n,115
cs23,2,batch1,n,115
cs24,1,batch1,n,115
cs25,2,batch1,n,115
cs26,3,batch1,n,115
cs28,3,batch1,n,115
cs29,2,batch1,n,115
cs30,1,batch1,n,115
de31,3,batch1,n,115
de32,3,batch1,n,115
de33,4,batch1,n,115
de34,2,batch1,n,115
de35,1,batch1,n,115
de37,2,batch1,n,115
de38,1,batch1,n,115
de39,3,batch1,n,115
de40,2,batch1,n,115
de41,1,batch1,n,115
de42,2,batch1,n,115
de43,3,batch1,n,115
de44,1,batch1,n,115
de45,1,batch1,n,115
fr46,2,batch1,n,115
fr47,2,batch1,n,115
fr48,3,batch1,n,115
fr49,2,batch1,n,115
fr50,4,batch1,n,115
fr51,1,batch1,n,115
fr52,1,batch1,n,115
fr53,1,batch1,n,115
fr54,3,batch1,n,115
fr55,3,batch1,n,115
fr56,2,batch1,n,115
fr57,3,batch1,n,115
fr58,3,batch1,n,115
fr59,3,batch1,n,115
fr60,3,batch1,n,115
or1,4,batch1,n,129
or2,2,batch1,n,129
or3,2,batch1,n,129
or4,4,batch1,n,129
or5,2,batch1,n,129
or6,4,batch1,n,129
or7,4,batch1,n,129
or8,3,batch1,n,129
or9,3,batch1,n,129
or10,3,batch1,n,129
or11,2,batch1,n,129
or12,4,batch1,n,129
or13,2,batch1,n,129
or14,3,batch1,n,129
or15,4,batch1,n,129
cs16,3,batch1,n,129
cs17,1,batch1,n,129
cs18,1,batch1,n,129
cs19,2,batch1,n,129
cs20,4,batch1,n,129
cs21,3,batch1,n,129
cs22,3,batch1,n,129
cs23,1,batch1,n,129
cs24,1,batch1,n,129
cs25,2,batch1,n,129
cs26,3,batch1,n,129
cs27,1,batch1,n,129
cs28,2,batch1,n,129
cs29,1,batch1,n,129
cs30,3,batch1,n,129
de31,1,batch1,n,129
de32,2,batch1,n,129
de33,2,batch1,n,129
de34,1,batch1,n,129
de35,4,batch1,n,129
de36,1,batch1,n,129
de37,1,batch1,n,129
de38,1,batch1,n,129
de39,4,batch1,n,129
de40,1,batch1,n,129
de41,2,batch1,n,129
de42,3,batch1,n,129
de43,4,batch1,n,129
de44,3,batch1,n,129
de45,2,batch1,n,129
fr46,3,batch1,n,129
fr47,1,batch1,n,129
fr49,4,batch1,n,129
fr50,3,batch1,n,129
fr51,2,batch1,n,129
fr52,3,batch1,n,129
fr53,1,batch1,n,129
fr54,3,batch1,n,129
fr55,3,batch1,n,129
fr56,3,batch1,n,129
fr57,3,batch1,n,129
fr58,3,batch1,n,129
fr59,2,batch1,n,129
fr60,2,batch1,n,129
or1,2,batch1,n,301
or2,3,batch1,n,301
or3,1,batch1,n,301
or4,2,batch1,n,301
or5,3,batch1,n,301
or6,3,batch1,n,301
or7,4,batch1,n,301
or8,2,batch1,n,301
or9,2,batch1,n,301
or10,3,batch1,n,301
or11,4,batch1,n,301
or12,3,batch1,n,301
or13,3,batch1,n,301
or14,3,batch1,n,301
or15,3,batch1,n,301
cs16,1,batch1,n,301
cs17,1,batch1,n,301
cs18,3,batch1,n,301
cs19,3,batch1,n,301
cs21,3,batch1,n,301
cs22,3,batch1,n,301
cs23,4,batch1,n,301
cs24,2,batch1,n,301
cs25,1,batch1,n,301
cs26,3,batch1,n,301
cs27,4,batch1,n,301
cs28,1,batch1,n,301
cs29,1,batch1,n,301
cs30,3,batch1,n,301
de31,1,batch1,n,301
de32,1,batch1,n,301
de33,1,batch1,n,301
de34,2,batch1,n,301
de36,3,batch1,n,301
de37,3,batch1,n,301
de38,1,batch1,n,301
de39,2,batch1,n,301
de40,3,batch1,n,301
de41,3,batch1,n,301
de42,3,batch1,n,301
de43,3,batch1,n,301
de44,1,batch1,n,301
de45,2,batch1,n,301
fr46,2,batch1,n,301
fr47,1,batch1,n,301
fr48,4,batch1,n,301
fr49,3,batch1,n,301
fr50,3,batch1,n,301
fr51,3,batch1,n,301
fr52,3,batch1,n,301
fr53,3,batch1,n,301
fr54,2,batch1,n,301
fr55,3,batch1,n,301
fr56,1,batch1,n,301
fr57,1,batch1,n,301
fr58,4,batch1,n,301
fr59,2,batch1,n,301
fr60,2,batch1,n,301
or1,2,batch1,n,308
or2,4,batch1,n,308
or3,1,batch1,n,308
or4,3,batch1,n,308
or5,3,batch1,n,308
or6,4,batch1,n,308
or7,2,batch1,n,308
or8,4,batch1,n,308
or9,3,batch1,n,308
or10,3,batch1,n,308
or11,4,batch1,n,308
or12,1,batch1,n,308
or13,3,batch1,n,308
or14,4,batch1,n,308
or15,2,batch1,n,308
cs16,4,batch1,n,308
cs17,4,batch1,n,308
cs18,1,batch1,n,308
cs19,3,batch1,n,308
cs20,3,batch1,n,308
cs21,1,batch1,n,308
cs22,3,batch1,n,308
cs23,3,batch1,n,308
cs24,3,batch1,n,308
cs25,2,batch1,n,308
cs26,2,batch1,n,308
cs27,2,batch1,n,308
cs28,3,batch1,n,308
cs29,1,batch1,n,308
cs30,3,batch1,n,308
de31,1,batch1,n,308
de32,3,batch1,n,308
de33,1,batch1,n,308
de34,4,batch1,n,308
de35,2,batch1,n,308
de36,3,batch1,n,308
de37,4,batch1,n,308
de38,1,batch1,n,308
de39,1,batch1,n,308
de40,1,batch1,n,308
de41,1,batch1,n,308
de42,3,batch1,n,308
de43,2,batch1,n,308
de44,3,batch1,n,308
de45,3,batch1,n,308
fr46,2,batch1,n,308
fr47,2,batch1,n,308
fr48,2,batch1,n,308
fr49,3,batch1,n,308
fr50,2,batch1,n,308
fr51,2,batch1,n,308
fr52,2,batch1,n,308
fr53,1,batch1,n,308
fr54,1,batch1,n,308
fr55,4,batch1,n,308
fr56,1,batch1,n,308
fr57,2,batch1,n,308
fr58,4,batch1,n,308
fr59,4,batch1,n,308
fr60,1,batch1,n,308
or1,4,batch1,n,333
or2,2,batch1,n,333
or3,4,batch1,n,333
or4,3,batch1,n,333
or5,4,batch1,n,333
or6,4,batch1,n,333
or7,2,batch1,n,333
or8,3,batch1,n,333
or9,2,batch1,n,333
or10,4,batch1,n,333
or11,3,batch1,n,333
or12,2,batch1,n,333
or13,4,batch1,n,333
or14,4,batch1,n,333
or15,4,batch1,n,333
cs16,2,batch1,n,333
cs17,3,batch1,n,333
cs18,1,batch1,n,333
cs19,2,batch1,n,333
cs20,1,batch1,n,333
cs21,4,batch1,n,333
cs22,3,batch1,n,333
cs23,2,batch1,n,333
cs24,3,batch1,n,333
cs25,3,batch1,n,333
cs26,3,batch1,n,333
cs27,1,batch1,n,333
cs28,2,batch1,n,333
cs29,2,batch1,n,333
cs30,3,batch1,n,333
de31,1,batch1,n,333
de32,1,batch1,n,333
de33,2,batch1,n,333
de34,3,batch1,n,333
de35,1,batch1,n,333
de36,2,batch1,n,333
de37,2,batch1,n,333
de38,1,batch1,n,333
de39,2,batch1,n,333
de40,3,batch1,n,333
de41,1,batch1,n,333
de42,3,batch1,n,333
de43,3,batch1,n,333
de44,3,batch1,n,333
de45,2,batch1,n,333
fr46,4,batch1,n,333
fr47,4,batch1,n,333
fr48,2,batch1,n,333
fr49,2,batch1,n,333
fr50,1,batch1,n,333
fr51,2,batch1,n,333
fr52,4,batch1,n,333
fr53,1,batch1,n,333
fr54,3,batch1,n,333
fr55,3,batch1,n,333
fr56,3,batch1,n,333
fr57,3,batch1,n,333
fr58,3,batch1,n,333
fr59,3,batch1,n,333
fr60,3,batch1,n,333
or1,1,batch1,n,360
or2,3,batch1,n,360
or3,3,batch1,n,360
or4,3,batch1,n,360
or5,3,batch1,n,360
or6,4,batch1,n,360
or7,3,batch1,n,360
or8,3,batch1,n,360
or9,2,batch1,n,360
or10,4,batch1,n,360
or11,3,batch1,n,360
or12,2,batch1,n,360
or13,3,batch1,n,360
or14,4,batch1,n,360
or15,4,batch1,n,360
cs16,3,batch1,n,360
cs17,2,batch1,n,360
cs19,4,batch1,n,360
cs20,2,batch1,n,360
cs21,1,batch1,n,360
cs22,2,batch1,n,360
cs23,3,batch1,n,360
cs24,2,batch1,n,360
cs25,1,batch1,n,360
cs26,3,batch1,n,360
cs27,3,batch1,n,360
cs28,3,batch1,n,360
cs29,2,batch1,n,360
cs30,2,batch1,n,360
de31,2,batch1,n,360
de32,3,batch1,n,360
de33,1,batch1,n,360
de34,1,batch1,n,360
de35,4,batch1,n,360
de36,4,batch1,n,360
de37,1,batch1,n,360
de38,3,batch1,n,360
de39,2,batch1,n,360
de40,1,batch1,n,360
de41,3,batch1,n,360
de42,1,batch1,n,360
de43,1,batch1,n,360
de44,3,batch1,n,360
de45,2,batch1,n,360
fr46,1,batch1,n,360
fr47,2,batch1,n,360
fr48,3,batch1,n,360
fr49,3,batch1,n,360
fr50,3,batch1,n,360
fr51,4,batch1,n,360
fr52,4,batch1,n,360
fr53,2,batch1,n,360
fr54,4,batch1,n,360
fr55,3,batch1,n,360
fr56,3,batch1,n,360
fr57,3,batch1,n,360
fr58,3,batch1,n,360
fr59,2,batch1,n,360
fr60,3,batch1,n,360
or1,3,batch1,n,406
or2,3,batch1,n,406
or3,2,batch1,n,406
or4,3,batch1,n,406
or5,4,batch1,n,406
or6,4,batch1,n,406
or7,3,batch1,n,406
or8,3,batch1,n,406
or9,3,batch1,n,406
or10,4,batch1,n,406
or11,3,batch1,n,406
or12,3,batch1,n,406
or13,3,batch1,n,406
or14,3,batch1,n,406
or15,4,batch1,n,406
cs16,1,batch1,n,406
cs17,4,batch1,n,406
cs18,2,batch1,n,406
cs19,2,batch1,n,406
cs20,1,batch1,n,406
cs21,2,batch1,n,406
cs22,3,batch1,n,406
cs23,4,batch1,n,406
cs24,2,batch1,n,406
cs25,1,batch1,n,406
cs26,3,batch1,n,406
cs27,1,batch1,n,406
cs28,4,batch1,n,406
cs29,1,batch1,n,406
cs30,2,batch1,n,406
de31,1,batch1,n,406
de32,3,batch1,n,406
de33,1,batch1,n,406
de34,4,batch1,n,406
de35,2,batch1,n,406
de36,4,batch1,n,406
de37,2,batch1,n,406
de38,3,batch1,n,406
de39,3,batch1,n,406
de40,1,batch1,n,406
de41,1,batch1,n,406
de42,3,batch1,n,406
de43,2,batch1,n,406
de44,3,batch1,n,406
de45,1,batch1,n,406
fr46,1,batch1,n,406
fr48,3,batch1,n,406
fr49,3,batch1,n,406
fr50,1,batch1,n,406
fr51,3,batch1,n,406
fr52,1,batch1,n,406
fr53,2,batch1,n,406
fr54,3,batch1,n,406
fr55,3,batch1,n,406
fr56,1,batch1,n,406
fr57,3,batch1,n,406
fr58,3,batch1,n,406
fr59,2,batch1,n,406
fr60,3,batch1,n,406
or1,1,batch1,n,408
or2,4,batch1,n,408
or3,4,batch1,n,408
or4,3,batch1,n,408
or5,1,batch1,n,408
or6,1,batch1,n,408
or7,3,batch1,n,408
or8,3,batch1,n,408
or9,1,batch1,n,408
or10,3,batch1,n,408
or11,4,batch1,n,408
or12,3,batch1,n,408
or13,3,batch1,n,408
or14,3,batch1,n,408
or15,3,batch1,n,408
cs16,3,batch1,n,408
cs17,3,batch1,n,408
cs18,3,batch1,n,408
cs19,2,batch1,n,408
cs20,2,batch1,n,408
cs21,4,batch1,n,408
cs22,3,batch1,n,408
cs23,2,batch1,n,408
cs24,2,batch1,n,408
cs25,3,batch1,n,408
cs26,3,batch1,n,408
cs27,1,batch1,n,408
cs28,2,batch1,n,408
cs29,2,batch1,n,408
cs30,2,batch1,n,408
de31,4,batch1,n,408
de32,1,batch1,n,408
de33,4,batch1,n,408
de35,3,batch1,n,408
de36,1,batch1,n,408
de37,1,batch1,n,408
de38,2,batch1,n,408
de39,3,batch1,n,408
de40,1,batch1,n,408
de41,2,batch1,n,408
de42,1,batch1,n,408
de43,1,batch1,n,408
de44,1,batch1,n,408
de45,4,batch1,n,408
fr46,3,batch1,n,408
fr47,3,batch1,n,408
fr49,3,batch1,n,408
fr50,3,batch1,n,408
fr51,3,batch1,n,408
fr52,2,batch1,n,408
fr53,1,batch1,n,408
fr54,3,batch1,n,408
fr55,1,batch1,n,408
fr56,3,batch1,n,408
fr57,4,batch1,n,408
fr58,3,batch1,n,408
fr59,1,batch1,n,408
fr60,2,batch1,n,408
or1,2,batch1,n,459
or2,2,batch1,n,459
or3,3,batch1,n,459
or4,4,batch1,n,459
or5,1,batch1,n,459
or6,3,batch1,n,459
or7,3,batch1,n,459
or8,3,batch1,n,459
or9,3,batch1,n,459
or10,4,batch1,n,459
or11,3,batch1,n,459
or12,1,batch1,n,459
or13,3,batch1,n,459
or14,3,batch1,n,459
or15,4,batch1,n,459
cs16,3,batch1,n,459
cs17,4,batch1,n,459
cs18,1,batch1,n,459
cs19,4,batch1,n,459
cs20,1,batch1,n,459
cs21,2,batch1,n,459
cs22,3,batch1,n,459
cs23,2,batch1,n,459
cs24,3,batch1,n,459
cs25,3,batch1,n,459
cs26,3,batch1,n,459
cs27,1,batch1,n,459
cs28,4,batch1,n,459
cs29,2,batch1,n,459
cs30,4,batch1,n,459
de31,1,batch1,n,459
de32,3,batch1,n,459
de33,1,batch1,n,459
de34,4,batch1,n,459
de35,1,batch1,n,459
de36,4,batch1,n,459
de37,2,batch1,n,459
de38,3,batch1,n,459
de39,2,batch1,n,459
de40,1,batch1,n,459
de41,1,batch1,n,459
de42,2,batch1,n,459
de43,1,batch1,n,459
de44,4,batch1,n,459
de45,1,batch1,n,459
fr46,3,batch1,n,459
fr48,2,batch1,n,459
fr49,3,batch1,n,459
fr50,1,batch1,n,459
fr51,3,batch1,n,459
fr52,2,batch1,n,459
fr53,2,batch1,n,459
fr54,4,batch1,n,459
fr55,3,batch1,n,459
fr56,3,batch1,n,459
fr57,2,batch1,n,459
fr58,4,batch1,n,459
fr59,2,batch1,n,459
fr60,2,batch1,n,459
or1,1,batch1,n,464
or2,3,batch1,n,464
or3,3,batch1,n,464
or4,4,batch1,n,464
or5,2,batch1,n,464
or6,3,batch1,n,464
or7,3,batch1,n,464
or8,2,batch1,n,464
or9,3,batch1,n,464
or10,3,batch1,n,464
or11,4,batch1,n,464
or12,2,batch1,n,464
or13,4,batch1,n,464
or14,3,batch1,n,464
or15,2,batch1,n,464
cs16,3,batch1,n,464
cs17,2,batch1,n,464
cs18,1,batch1,n,464
cs19,3,batch1,n,464
cs20,1,batch1,n,464
cs21,2,batch1,n,464
cs22,2,batch1,n,464
cs23,3,batch1,n,464
cs24,1,batch1,n,464
cs25,1,batch1,n,464
cs26,2,batch1,n,464
cs27,1,batch1,n,464
cs28,2,batch1,n,464
cs29,1,batch1,n,464
cs30,1,batch1,n,464
de31,2,batch1,n,464
de32,2,batch1,n,464
de33,4,batch1,n,464
de34,1,batch1,n,464
de35,3,batch1,n,464
de36,1,batch1,n,464
de37,3,batch1,n,464
de38,3,batch1,n,464
de39,3,batch1,n,464
de40,1,batch1,n,464
de41,1,batch1,n,464
de42,1,batch1,n,464
de43,2,batch1,n,464
de44,1,batch1,n,464
de45,3,batch1,n,464
fr46,2,batch1,n,464
fr47,1,batch1,n,464
fr49,3,batch1,n,464
fr50,4,batch1,n,464
fr51,4,batch1,n,464
fr52,1,batch1,n,464
fr53,2,batch1,n,464
fr54,1,batch1,n,464
fr55,2,batch1,n,464
fr56,2,batch1,n,464
fr57,3,batch1,n,464
fr58,4,batch1,n,464
fr59,3,batch1,n,464
fr60,3,batch1,n,464
or16,3,batch2,n,157
or17,2,batch2,n,157
or18,3,batch2,n,157
or19,3,batch2,n,157
or20,3,batch2,n,157
or21,4,batch2,n,157
or22,3,batch2,n,157
or23,4,batch2,n,157
or24,3,batch2,n,157
or25,3,batch2,n,157
or26,3,batch2,n,157
or27,3,batch2,n,157
or28,4,batch2,n,157
or29,3,batch2,n,157
or30,3,batch2,n,157
cs31,3,batch2,n,157
cs32,3,batch2,n,157
cs33,1,batch2,n,157
cs35,1,batch2,n,157
cs36,4,batch2,n,157
cs37,3,batch2,n,157
cs38,3,batch2,n,157
cs39,3,batch2,n,157
cs40,2,batch2,n,157
cs41,1,batch2,n,157
cs42,1,batch2,n,157
cs43,4,batch2,n,157
cs44,3,batch2,n,157
cs45,3,batch2,n,157
de46,4,batch2,n,157
de48,3,batch2,n,157
de49,1,batch2,n,157
de51,1,batch2,n,157
de52,1,batch2,n,157
de53,3,batch2,n,157
de54,1,batch2,n,157
de55,2,batch2,n,157
de56,1,batch2,n,157
de57,1,batch2,n,157
de58,3,batch2,n,157
de59,1,batch2,n,157
de60,1,batch2,n,157
fr61,4,batch2,n,157
fr62,3,batch2,n,157
fr63,3,batch2,n,157
fr64,3,batch2,n,157
fr65,1,batch2,n,157
fr66,2,batch2,n,157
fr67,3,batch2,n,157
fr68,2,batch2,n,157
fr69,4,batch2,n,157
fr70,1,batch2,n,157
fr71,2,batch2,n,157
fr72,1,batch2,n,157
fr74,1,batch2,n,157
fr75,1,batch2,n,157
or16,3,batch2,n,158
or18,3,batch2,n,158
or19,3,batch2,n,158
or20,4,batch2,n,158
or21,3,batch2,n,158
or22,3,batch2,n,158
or23,2,batch2,n,158
or24,3,batch2,n,158
or25,2,batch2,n,158
or26,4,batch2,n,158
or27,2,batch2,n,158
or28,2,batch2,n,158
or29,2,batch2,n,158
or30,3,batch2,n,158
cs31,2,batch2,n,158
cs32,1,batch2,n,158
cs33,3,batch2,n,158
cs34,3,batch2,n,158
cs35,1,batch2,n,158
cs36,1,batch2,n,158
cs37,2,batch2,n,158
cs38,2,batch2,n,158
cs39,4,batch2,n,158
cs40,2,batch2,n,158
cs41,1,batch2,n,158
cs42,1,batch2,n,158
cs43,3,batch2,n,158
cs44,2,batch2,n,158
cs45,2,batch2,n,158
de46,1,batch2,n,158
de47,1,batch2,n,158
de48,3,batch2,n,158
de49,2,batch2,n,158
de51,1,batch2,n,158
de52,1,batch2,n,158
de54,2,batch2,n,158
de55,3,batch2,n,158
de56,1,batch2,n,158
de57,2,batch2,n,158
de58,2,batch2,n,158
de59,2,batch2,n,158
de60,1,batch2,n,158
fr61,3,batch2,n,158
fr62,2,batch2,n,158
fr63,2,batch2,n,158
fr64,1,batch2,n,158
fr65,1,batch2,n,158
fr66,3,batch2,n,158
fr67,2,batch2,n,158
fr68,4,batch2,n,158
fr69,3,batch2,n,158
fr71,2,batch2,n,158
fr72,1,batch2,n,158
fr73,2,batch2,n,158
fr74,3,batch2,n,158
fr75,1,batch2,n,158
or16,2,batch2,n,200
or17,3,batch2,n,200
or18,3,batch2,n,200
or19,4,batch2,n,200
or20,3,batch2,n,200
or21,3,batch2,n,200
or22,3,batch2,n,200
or23,4,batch2,n,200
or24,1,batch2,n,200
or25,3,batch2,n,200
or26,3,batch2,n,200
or27,2,batch2,n,200
or28,3,batch2,n,200
or29,3,batch2,n,200
or30,3,batch2,n,200
cs31,1,batch2,n,200
cs32,3,batch2,n,200
cs33,3,batch2,n,200
cs34,3,batch2,n,200
cs35,3,batch2,n,200
cs36,2,batch2,n,200
cs37,2,batch2,n,200
cs38,1,batch2,n,200
cs39,3,batch2,n,200
cs40,1,batch2,n,200
cs41,3,batch2,n,200
cs42,1,batch2,n,200
cs43,3,batch2,n,200
cs44,2,batch2,n,200
cs45,1,batch2,n,200
de46,3,batch2,n,200
de47,1,batch2,n,200
de48,1,batch2,n,200
de49,1,batch2,n,200
de50,3,batch2,n,200
de51,1,batch2,n,200
de52,3,batch2,n,200
de53,3,batch2,n,200
de55,2,batch2,n,200
de56,3,batch2,n,200
de57,3,batch2,n,200
de58,1,batch2,n,200
de59,3,batch2,n,200
de60,1,batch2,n,200
fr61,4,batch2,n,200
fr62,3,batch2,n,200
fr63,1,batch2,n,200
fr64,1,batch2,n,200
fr65,3,batch2,n,200
fr66,1,batch2,n,200
fr67,3,batch2,n,200
fr68,4,batch2,n,200
fr69,1,batch2,n,200
fr71,1,batch2,n,200
fr72,3,batch2,n,200
fr73,2,batch2,n,200
fr74,3,batch2,n,200
fr75,3,batch2,n,200
or16,3,batch2,n,245
or17,3,batch2,n,245
or18,3,batch2,n,245
or19,3,batch2,n,245
or20,3,batch2,n,245
or21,3,batch2,n,245
or22,3,batch2,n,245
or23,3,batch2,n,245
or24,3,batch2,n,245
or25,3,batch2,n,245
or26,4,batch2,n,245
or27,3,batch2,n,245
or28,4,batch2,n,245
or29,3,batch2,n,245
or30,3,batch2,n,245
cs31,1,batch2,n,245
cs32,2,batch2,n,245
cs33,2,batch2,n,245
cs34,1,batch2,n,245
cs35,3,batch2,n,245
cs36,4,batch2,n,245
cs37,3,batch2,n,245
cs38,2,batch2,n,245
cs39,3,batch2,n,245
cs41,1,batch2,n,245
cs42,2,batch2,n,245
cs43,1,batch2,n,245
cs44,2,batch2,n,245
cs45,3,batch2,n,245
de46,3,batch2,n,245
de48,3,batch2,n,245
de49,2,batch2,n,245
de51,3,batch2,n,245
de52,3,batch2,n,245
de53,2,batch2,n,245
de55,2,batch2,n,245
de56,2,batch2,n,245
de57,1,batch2,n,245
de58,4,batch2,n,245
de59,1,batch2,n,245
de60,2,batch2,n,245
fr61,2,batch2,n,245
fr62,1,batch2,n,245
fr63,2,batch2,n,245
fr64,2,batch2,n,245
fr65,2,batch2,n,245
fr66,1,batch2,n,245
fr67,4,batch2,n,245
fr68,3,batch2,n,245
fr69,3,batch2,n,245
fr70,1,batch2,n,245
fr71,2,batch2,n,245
fr72,3,batch2,n,245
fr73,1,batch2,n,245
fr74,3,batch2,n,245
fr75,1,batch2,n,245
or16,4,batch2,n,249
or17,4,batch2,n,249
or18,3,batch2,n,249
or19,4,batch2,n,249
or20,3,batch2,n,249
or21,3,batch2,n,249
or22,4,batch2,n,249
or23,4,batch2,n,249
or24,4,batch2,n,249
or25,3,batch2,n,249
or26,3,batch2,n,249
or27,3,batch2,n,249
or28,2,batch2,n,249
or29,3,batch2,n,249
or30,2,batch2,n,249
cs31,2,batch2,n,249
cs32,3,batch2,n,249
cs33,1,batch2,n,249
cs34,3,batch2,n,249
cs35,1,batch2,n,249
cs36,4,batch2,n,249
cs37,4,batch2,n,249
cs38,3,batch2,n,249
cs39,3,batch2,n,249
cs40,2,batch2,n,249
cs41,1,batch2,n,249
cs42,1,batch2,n,249
cs43,2,batch2,n,249
cs44,3,batch2,n,249
de46,3,batch2,n,249
de47,1,batch2,n,249
de48,2,batch2,n,249
de49,2,batch2,n,249
de50,1,batch2,n,249
de51,1,batch2,n,249
de52,1,batch2,n,249
de53,4,batch2,n,249
de55,1,batch2,n,249
de56,2,batch2,n,249
de57,2,batch2,n,249
de58,2,batch2,n,249
de59,2,batch2,n,249
de60,2,batch2,n,249
fr61,2,batch2,n,249
fr62,3,batch2,n,249
fr63,1,batch2,n,249
fr64,4,batch2,n,249
fr65,3,batch2,n,249
fr66,3,batch2,n,249
fr67,3,batch2,n,249
fr68,1,batch2,n,249
fr69,3,batch2,n,249
fr71,2,batch2,n,249
fr72,1,batch2,n,249
fr73,3,batch2,n,249
fr74,1,batch2,n,249
fr75,1,batch2,n,249
or16,4,batch2,n,271
or17,3,batch2,n,271
or18,3,batch2,n,271
or19,3,batch2,n,271
or20,3,batch2,n,271
or21,3,batch2,n,271
or22,4,batch2,n,271
or23,3,batch2,n,271
or24,2,batch2,n,271
or25,3,batch2,n,271
or26,3,batch2,n,271
or27,2,batch2,n,271
or28,4,batch2,n,271
or29,3,batch2,n,271
or30,3,batch2,n,271
cs31,2,batch2,n,271
cs32,2,batch2,n,271
cs33,3,batch2,n,271
cs34,1,batch2,n,271
cs35,2,batch2,n,271
cs36,3,batch2,n,271
cs37,2,batch2,n,271
cs38,3,batch2,n,271
cs39,1,batch2,n,271
cs41,4,batch2,n,271
cs42,1,batch2,n,271
cs43,2,batch2,n,271
cs44,3,batch2,n,271
cs45,2,batch2,n,271
de46,1,batch2,n,271
de47,1,batch2,n,271
de48,4,batch2,n,271
de49,3,batch2,n,271
de51,2,batch2,n,271
de52,1,batch2,n,271
de53,1,batch2,n,271
de54,1,batch2,n,271
de55,3,batch2,n,271
de56,3,batch2,n,271
de57,3,batch2,n,271
de58,3,batch2,n,271
de59,3,batch2,n,271
de60,1,batch2,n,271
fr61,1,batch2,n,271
fr62,1,batch2,n,271
fr63,3,batch2,n,271
fr64,2,batch2,n,271
fr65,2,batch2,n,271
fr67,3,batch2,n,271
fr68,3,batch2,n,271
fr69,3,batch2,n,271
fr70,3,batch2,n,271
fr71,2,batch2,n,271
fr72,2,batch2,n,271
fr73,2,batch2,n,271
fr74,3,batch2,n,271
fr75,1,batch2,n,271
or16,2,batch2,n,375
or17,3,batch2,n,375
or18,3,batch2,n,375
or19,3,batch2,n,375
or21,4,batch2,n,375
or22,3,batch2,n,375
or23,1,batch2,n,375
or24,4,batch2,n,375
or25,3,batch2,n,375
or26,3,batch2,n,375
or27,3,batch2,n,375
or28,2,batch2,n,375
or29,4,batch2,n,375
or30,3,batch2,n,375
cs31,3,batch2,n,375
cs32,3,batch2,n,375
cs33,3,batch2,n,375
cs34,3,batch2,n,375
cs35,1,batch2,n,375
cs36,3,batch2,n,375
cs37,1,batch2,n,375
cs38,1,batch2,n,375
cs39,3,batch2,n,375
cs40,1,batch2,n,375
cs41,4,batch2,n,375
cs43,1,batch2,n,375
cs44,3,batch2,n,375
cs45,3,batch2,n,375
de46,3,batch2,n,375
de47,1,batch2,n,375
de48,2,batch2,n,375
de49,1,batch2,n,375
de51,2,batch2,n,375
de52,2,batch2,n,375
de53,1,batch2,n,375
de55,3,batch2,n,375
de56,3,batch2,n,375
de57,3,batch2,n,375
de58,3,batch2,n,375
de59,3,batch2,n,375
de60,1,batch2,n,375
fr61,3,batch2,n,375
fr63,1,batch2,n,375
fr64,3,batch2,n,375
fr65,1,batch2,n,375
fr66,3,batch2,n,375
fr67,3,batch2,n,375
fr68,2,batch2,n,375
fr69,2,batch2,n,375
fr70,1,batch2,n,375
fr71,3,batch2,n,375
fr72,1,batch2,n,375
fr73,3,batch2,n,375
fr74,3,batch2,n,375
fr75,3,batch2,n,375
or16,3,batch2,n,381
or17,3,batch2,n,381
or18,3,batch2,n,381
or19,4,batch2,n,381
or20,3,batch2,n,381
or21,3,batch2,n,381
or22,4,batch2,n,381
or23,3,batch2,n,381
or24,3,batch2,n,381
or25,3,batch2,n,381
or26,1,batch2,n,381
or27,3,batch2,n,381
or28,3,batch2,n,381
or29,3,batch2,n,381
or30,2,batch2,n,381
cs31,1,batch2,n,381
cs32,1,batch2,n,381
cs33,2,batch2,n,381
cs34,2,batch2,n,381
cs35,3,batch2,n,381
cs36,4,batch2,n,381
cs37,2,batch2,n,381
cs38,3,batch2,n,381
cs39,3,batch2,n,381
cs40,1,batch2,n,381
cs41,3,batch2,n,381
cs42,1,batch2,n,381
cs43,4,batch2,n,381
cs44,4,batch2,n,381
cs45,3,batch2,n,381
de46,1,batch2,n,381
de47,1,batch2,n,381
de48,3,batch2,n,381
de49,1,batch2,n,381
de50,1,batch2,n,381
de51,1,batch2,n,381
de52,3,batch2,n,381
de53,3,batch2,n,381
de54,2,batch2,n,381
de55,2,batch2,n,381
de56,4,batch2,n,381
de57,1,batch2,n,381
de58,3,batch2,n,381
de59,1,batch2,n,381
de60,2,batch2,n,381
fr61,2,batch2,n,381
fr62,1,batch2,n,381
fr63,3,batch2,n,381
fr64,3,batch2,n,381
fr65,1,batch2,n,381
fr67,4,batch2,n,381
fr68,4,batch2,n,381
fr69,2,batch2,n,381
fr70,2,batch2,n,381
fr71,2,batch2,n,381
fr72,2,batch2,n,381
fr73,1,batch2,n,381
fr74,2,batch2,n,381
or16,3,batch2,n,486
or17,3,batch2,n,486
or18,4,batch2,n,486
or19,4,batch2,n,486
or20,2,batch2,n,486
or21,3,batch2,n,486
or22,3,batch2,n,486
or23,4,batch2,n,486
or24,4,batch2,n,486
or25,2,batch2,n,486
or26,3,batch2,n,486
or27,3,batch2,n,486
or28,4,batch2,n,486
or29,4,batch2,n,486
or30,4,batch2,n,486
cs31,1,batch2,n,486
cs32,3,batch2,n,486
cs33,3,batch2,n,486
cs34,1,batch2,n,486
cs35,2,batch2,n,486
cs36,4,batch2,n,486
cs37,2,batch2,n,486
cs38,3,batch2,n,486
cs39,3,batch2,n,486
cs41,3,batch2,n,486
cs42,1,batch2,n,486
cs43,1,batch2,n,486
cs44,4,batch2,n,486
cs45,3,batch2,n,486
de46,3,batch2,n,486
de47,1,batch2,n,486
de48,1,batch2,n,486
de49,2,batch2,n,486
de51,2,batch2,n,486
de52,2,batch2,n,486
de53,2,batch2,n,486
de55,1,batch2,n,486
de56,1,batch2,n,486
de57,2,batch2,n,486
de58,3,batch2,n,486
de59,2,batch2,n,486
de60,2,batch2,n,486
fr61,4,batch2,n,486
fr62,2,batch2,n,486
fr63,3,batch2,n,486
fr64,3,batch2,n,486
fr65,3,batch2,n,486
fr67,3,batch2,n,486
fr68,2,batch2,n,486
fr69,3,batch2,n,486
fr71,3,batch2,n,486
fr72,1,batch2,n,486
fr73,1,batch2,n,486
fr74,3,batch2,n,486
fr75,1,batch2,n,486
or16,4,batch2,n,498
or17,3,batch2,n,498
or18,3,batch2,n,498
or19,4,batch2,n,498
or20,3,batch2,n,498
or21,3,batch2,n,498
or22,3,batch2,n,498
or23,2,batch2,n,498
or24,3,batch2,n,498
or25,3,batch2,n,498
or26,3,batch2,n,498
or27,3,batch2,n,498
or28,3,batch2,n,498
or29,3,batch2,n,498
or30,3,batch2,n,498
cs31,3,batch2,n,498
cs32,4,batch2,n,498
cs33,1,batch2,n,498
cs34,1,batch2,n,498
cs35,3,batch2,n,498
cs36,1,batch2,n,498
cs37,3,batch2,n,498
cs38,1,batch2,n,498
cs39,4,batch2,n,498
cs40,3,batch2,n,498
cs41,1,batch2,n,498
cs42,1,batch2,n,498
cs43,3,batch2,n,498
cs44,3,batch2,n,498
cs45,2,batch2,n,498
de46,3,batch2,n,498
de48,3,batch2,n,498
de49,2,batch2,n,498
de51,3,batch2,n,498
de52,1,batch2,n,498
de53,2,batch2,n,498
de54,2,batch2,n,498
de55,4,batch2,n,498
de56,1,batch2,n,498
de57,1,batch2,n,498
de58,2,batch2,n,498
de59,1,batch2,n,498
de60,1,batch2,n,498
fr61,2,batch2,n,498
fr62,1,batch2,n,498
fr63,3,batch2,n,498
fr64,3,batch2,n,498
fr65,3,batch2,n,498
fr67,3,batch2,n,498
fr68,1,batch2,n,498
fr69,3,batch2,n,498
fr70,2,batch2,n,498
fr71,1,batch2,n,498
fr72,2,batch2,n,498
fr73,2,batch2,n,498
fr74,2,batch2,n,498
fr75,1,batch2,n,498
or31,1,batch3,n,238
or32,3,batch3,n,238
or33,4,batch3,n,238
or34,2,batch3,n,238
or35,3,batch3,n,238
or36,3,batch3,n,238
or37,2,batch3,n,238
or38,4,batch3,n,238
or39,4,batch3,n,238
or40,3,batch3,n,238
or41,3,batch3,n,238
or43,4,batch3,n,238
or44,1,batch3,n,238
or45,3,batch3,n,238
cs46,2,batch3,n,238
cs47,3,batch3,n,238
cs48,2,batch3,n,238
cs49,1,batch3,n,238
cs50,3,batch3,n,238
fr1,1,batch3,n,238
fr2,3,batch3,n,238
fr3,2,batch3,n,238
fr4,1,batch3,n,238
fr5,4,batch3,n,238
fr6,2,batch3,n,238
fr7,3,batch3,n,238
fr8,3,batch3,n,238
fr10,3,batch3,n,238
fr11,2,batch3,n,238
fr12,2,batch3,n,238
fr13,1,batch3,n,238
fr14,1,batch3,n,238
fr15,3,batch3,n,238
cs51,2,batch3,n,238
cs52,1,batch3,n,238
cs53,1,batch3,n,238
cs54,1,batch3,n,238
cs55,4,batch3,n,238
cs57,1,batch3,n,238
cs58,2,batch3,n,238
cs59,3,batch3,n,238
cs60,1,batch3,n,238
de61,4,batch3,n,238
de62,3,batch3,n,238
de63,1,batch3,n,238
de64,1,batch3,n,238
de66,3,batch3,n,238
de67,3,batch3,n,238
de68,3,batch3,n,238
de69,3,batch3,n,238
de70,1,batch3,n,238
de71,2,batch3,n,238
de72,2,batch3,n,238
de73,4,batch3,n,238
de74,3,batch3,n,238
de75,3,batch3,n,238
or31,3,batch3,n,242
or32,3,batch3,n,242
or33,3,batch3,n,242
or34,3,batch3,n,242
or35,4,batch3,n,242
or36,2,batch3,n,242
or37,3,batch3,n,242
or38,3,batch3,n,242
or39,4,batch3,n,242
or40,2,batch3,n,242
or41,1,batch3,n,242
or42,1,batch3,n,242
or43,3,batch3,n,242
or44,3,batch3,n,242
or45,3,batch3,n,242
cs46,1,batch3,n,242
cs47,2,batch3,n,242
cs48,3,batch3,n,242
cs49,2,batch3,n,242
cs50,1,batch3,n,242
fr1,3,batch3,n,242
fr2,3,batch3,n,242
fr3,4,batch3,n,242
fr4,1,batch3,n,242
fr5,1,batch3,n,242
fr6,3,batch3,n,242
fr7,2,batch3,n,242
fr8,1,batch3,n,242
fr9,4,batch3,n,242
fr11,3,batch3,n,242
fr12,3,batch3,n,242
fr13,2,batch3,n,242
fr14,1,batch3,n,242
fr15,1,batch3,n,242
cs51,3,batch3,n,242
cs52,3,batch3,n,242
cs53,1,batch3,n,242
cs54,2,batch3,n,242
cs55,3,batch3,n,242
cs56,1,batch3,n,242
cs57,4,batch3,n,242
cs58,3,batch3,n,242
cs59,1,batch3,n,242
cs60,3,batch3,n,242
de61,3,batch3,n,242
de62,2,batch3,n,242
de63,2,batch3,n,242
de64,2,batch3,n,242
de65,1,batch3,n,242
de66,3,batch3,n,242
de67,2,batch3,n,242
de68,4,batch3,n,242
de69,1,batch3,n,242
de70,3,batch3,n,242
de71,3,batch3,n,242
de72,3,batch3,n,242
de73,1,batch3,n,242
de74,4,batch3,n,242
or31,2,batch3,n,353
or32,2,batch3,n,353
or33,4,batch3,n,353
or34,4,batch3,n,353
or35,4,batch3,n,353
or36,4,batch3,n,353
or37,3,batch3,n,353
or38,4,batch3,n,353
or39,3,batch3,n,353
or40,1,batch3,n,353
or41,3,batch3,n,353
or42,2,batch3,n,353
or43,4,batch3,n,353
or45,3,batch3,n,353
cs46,2,batch3,n,353
cs47,1,batch3,n,353
cs48,2,batch3,n,353
cs49,3,batch3,n,353
cs50,1,batch3,n,353
fr1,2,batch3,n,353
fr2,2,batch3,n,353
fr3,1,batch3,n,353
fr4,3,batch3,n,353
fr5,3,batch3,n,353
fr6,1,batch3,n,353
fr7,3,batch3,n,353
fr8,4,batch3,n,353
fr9,1,batch3,n,353
fr10,3,batch3,n,353
fr11,2,batch3,n,353
fr12,3,batch3,n,353
fr14,2,batch3,n,353
fr15,3,batch3,n,353
cs51,3,batch3,n,353
cs52,3,batch3,n,353
cs53,1,batch3,n,353
cs54,2,batch3,n,353
cs55,2,batch3,n,353
cs56,1,batch3,n,353
cs57,3,batch3,n,353
cs58,1,batch3,n,353
cs59,2,batch3,n,353
cs60,1,batch3,n,353
de61,3,batch3,n,353
de62,2,batch3,n,353
de63,2,batch3,n,353
de64,3,batch3,n,353
de65,1,batch3,n,353
de66,3,batch3,n,353
de67,3,batch3,n,353
de68,2,batch3,n,353
de69,2,batch3,n,353
de70,1,batch3,n,353
de71,2,batch3,n,353
de72,1,batch3,n,353
de73,1,batch3,n,353
de74,2,batch3,n,353
de75,1,batch3,n,353
or31,3,batch3,n,398
or32,3,batch3,n,398
or33,3,batch3,n,398
or34,3,batch3,n,398
or35,3,batch3,n,398
or37,4,batch3,n,398
or38,3,batch3,n,398
or39,4,batch3,n,398
or40,3,batch3,n,398
or41,3,batch3,n,398
or42,3,batch3,n,398
or43,4,batch3,n,398
or44,4,batch3,n,398
or45,3,batch3,n,398
cs46,4,batch3,n,398
cs47,2,batch3,n,398
cs48,1,batch3,n,398
cs49,3,batch3,n,398
cs50,2,batch3,n,398
fr1,2,batch3,n,398
fr2,3,batch3,n,398
fr3,4,batch3,n,398
fr4,3,batch3,n,398
fr5,3,batch3,n,398
fr6,1,batch3,n,398
fr7,3,batch3,n,398
fr8,3,batch3,n,398
fr9,3,batch3,n,398
fr10,3,batch3,n,398
fr11,1,batch3,n,398
fr12,3,batch3,n,398
fr14,3,batch3,n,398
fr15,1,batch3,n,398
cs51,1,batch3,n,398
cs52,1,batch3,n,398
cs53,2,batch3,n,398
cs54,1,batch3,n,398
cs55,3,batch3,n,398
cs56,1,batch3,n,398
cs57,4,batch3,n,398
cs58,3,batch3,n,398
cs59,1,batch3,n,398
cs60,1,batch3,n,398
de61,2,batch3,n,398
de63,3,batch3,n,398
de64,2,batch3,n,398
de65,1,batch3,n,398
de66,3,batch3,n,398
de67,3,batch3,n,398
de68,1,batch3,n,398
de69,2,batch3,n,398
de70,1,batch3,n,398
de71,1,batch3,n,398
de72,3,batch3,n,398
de73,1,batch3,n,398
de74,1,batch3,n,398
or31,1,batch3,n,405
or32,4,batch3,n,405
or33,3,batch3,n,405
or34,3,batch3,n,405
or35,3,batch3,n,405
or36,4,batch3,n,405
or37,3,batch3,n,405
or38,2,batch3,n,405
or39,3,batch3,n,405
or40,1,batch3,n,405
or41,3,batch3,n,405
or42,3,batch3,n,405
or43,3,batch3,n,405
or44,3,batch3,n,405
or45,3,batch3,n,405
cs46,1,batch3,n,405
cs47,3,batch3,n,405
cs48,1,batch3,n,405
cs50,1,batch3,n,405
fr1,1,batch3,n,405
fr2,3,batch3,n,405
fr3,2,batch3,n,405
fr4,3,batch3,n,405
fr5,2,batch3,n,405
fr6,2,batch3,n,405
fr7,3,batch3,n,405
fr8,3,batch3,n,405
fr9,1,batch3,n,405
fr10,4,batch3,n,405
fr11,1,batch3,n,405
fr12,1,batch3,n,405
fr13,2,batch3,n,405
fr14,2,batch3,n,405
fr15,2,batch3,n,405
cs51,2,batch3,n,405
cs52,3,batch3,n,405
cs53,1,batch3,n,405
cs54,1,batch3,n,405
cs55,3,batch3,n,405
cs56,2,batch3,n,405
cs57,3,batch3,n,405
cs58,3,batch3,n,405
cs59,3,batch3,n,405
cs60,1,batch3,n,405
de61,2,batch3,n,405
de62,3,batch3,n,405
de63,3,batch3,n,405
de64,3,batch3,n,405
de65,2,batch3,n,405
de66,1,batch3,n,405
de67,2,batch3,n,405
de68,4,batch3,n,405
de69,1,batch3,n,405
de71,1,batch3,n,405
de72,1,batch3,n,405
de73,3,batch3,n,405
de74,3,batch3,n,405
or31,2,batch3,n,409
or32,4,batch3,n,409
or33,2,batch3,n,409
or34,2,batch3,n,409
or35,3,batch3,n,409
or36,2,batch3,n,409
or37,3,batch3,n,409
or38,3,batch3,n,409
or39,4,batch3,n,409
or40,2,batch3,n,409
or41,2,batch3,n,409
or42,2,batch3,n,409
or43,3,batch3,n,409
or44,3,batch3,n,409
or45,4,batch3,n,409
cs46,3,batch3,n,409
cs48,4,batch3,n,409
cs49,2,batch3,n,409
cs50,2,batch3,n,409
fr1,1,batch3,n,409
fr2,4,batch3,n,409
fr3,2,batch3,n,409
fr4,3,batch3,n,409
fr5,3,batch3,n,409
fr6,2,batch3,n,409
fr7,1,batch3,n,409
fr8,3,batch3,n,409
fr9,1,batch3,n,409
fr10,3,batch3,n,409
fr11,1,batch3,n,409
fr12,3,batch3,n,409
fr13,1,batch3,n,409
fr14,3,batch3,n,409
fr15,2,batch3,n,409
cs51,3,batch3,n,409
cs52,1,batch3,n,409
cs53,1,batch3,n,409
cs54,1,batch3,n,409
cs55,4,batch3,n,409
cs56,3,batch3,n,409
cs57,3,batch3,n,409
cs58,3,batch3,n,409
cs59,2,batch3,n,409
cs60,2,batch3,n,409
de61,2,batch3,n,409
de62,1,batch3,n,409
de63,2,batch3,n,409
de64,3,batch3,n,409
de66,2,batch3,n,409
de67,3,batch3,n,409
de68,3,batch3,n,409
de69,1,batch3,n,409
de70,1,batch3,n,409
de71,1,batch3,n,409
de72,3,batch3,n,409
de73,4,batch3,n,409
de74,4,batch3,n,409
or31,3,batch3,n,414
or32,2,batch3,n,414
or33,3,batch3,n,414
or34,4,batch3,n,414
or35,4,batch3,n,414
or36,3,batch3,n,414
or37,3,batch3,n,414
or38,3,batch3,n,414
or39,2,batch3,n,414
or40,3,batch3,n,414
or41,2,batch3,n,414
or42,1,batch3,n,414
or43,3,batch3,n,414
or44,4,batch3,n,414
or45,3,batch3,n,414
cs46,3,batch3,n,414
cs47,4,batch3,n,414
cs48,2,batch3,n,414
cs49,1,batch3,n,414
cs50,2,batch3,n,414
fr1,3,batch3,n,414
fr2,3,batch3,n,414
fr3,3,batch3,n,414
fr4,1,batch3,n,414
fr5,1,batch3,n,414
fr6,2,batch3,n,414
fr7,3,batch3,n,414
fr8,3,batch3,n,414
fr10,2,batch3,n,414
fr11,1,batch3,n,414
fr12,1,batch3,n,414
fr13,1,batch3,n,414
fr14,1,batch3,n,414
fr15,2,batch3,n,414
cs51,3,batch3,n,414
cs52,1,batch3,n,414
cs53,3,batch3,n,414
cs54,1,batch3,n,414
cs56,1,batch3,n,414
cs57,3,batch3,n,414
cs58,2,batch3,n,414
cs59,3,batch3,n,414
cs60,4,batch3,n,414
de61,1,batch3,n,414
de62,2,batch3,n,414
de63,2,batch3,n,414
de65,1,batch3,n,414
de66,3,batch3,n,414
de67,3,batch3,n,414
de68,1,batch3,n,414
de69,2,batch3,n,414
de70,1,batch3,n,414
de71,1,batch3,n,414
de72,1,batch3,n,414
de73,3,batch3,n,414
de74,3,batch3,n,414
de75,1,batch3,n,414
or31,4,batch3,n,420
or32,3,batch3,n,420
or33,3,batch3,n,420
or34,4,batch3,n,420
or35,3,batch3,n,420
or36,4,batch3,n,420
or37,3,batch3,n,420
or38,4,batch3,n,420
or39,3,batch3,n,420
or40,1,batch3,n,420
or41,3,batch3,n,420
or42,1,batch3,n,420
or43,3,batch3,n,420
or44,3,batch3,n,420
or45,3,batch3,n,420
cs46,3,batch3,n,420
cs47,2,batch3,n,420
cs48,2,batch3,n,420
cs49,1,batch3,n,420
cs50,2,batch3,n,420
fr1,1,batch3,n,420
fr2,4,batch3,n,420
fr3,1,batch3,n,420
fr4,3,batch3,n,420
fr5,2,batch3,n,420
fr6,4,batch3,n,420
fr7,1,batch3,n,420
fr8,1,batch3,n,420
fr9,1,batch3,n,420
fr10,3,batch3,n,420
fr11,2,batch3,n,420
fr12,3,batch3,n,420
fr13,1,batch3,n,420
fr14,4,batch3,n,420
fr15,2,batch3,n,420
cs51,2,batch3,n,420
cs52,1,batch3,n,420
cs53,3,batch3,n,420
cs54,1,batch3,n,420
cs55,4,batch3,n,420
cs56,2,batch3,n,420
cs57,4,batch3,n,420
cs58,2,batch3,n,420
cs59,1,batch3,n,420
cs60,2,batch3,n,420
de61,3,batch3,n,420
de62,3,batch3,n,420
de63,1,batch3,n,420
de64,3,batch3,n,420
de65,1,batch3,n,420
de66,1,batch3,n,420
de67,1,batch3,n,420
de68,3,batch3,n,420
de69,3,batch3,n,420
de70,2,batch3,n,420
de71,2,batch3,n,420
de72,1,batch3,n,420
de73,2,batch3,n,420
de74,2,batch3,n,420
de75,1,batch3,n,420
or31,1,batch3,n,422
or32,3,batch3,n,422
or33,3,batch3,n,422
or34,4,batch3,n,422
or35,1,batch3,n,422
or36,4,batch3,n,422
or37,4,batch3,n,422
or38,3,batch3,n,422
or39,3,batch3,n,422
or40,2,batch3,n,422
or41,3,batch3,n,422
or42,2,batch3,n,422
or43,4,batch3,n,422
or44,3,batch3,n,422
or45,3,batch3,n,422
cs46,3,batch3,n,422
cs47,1,batch3,n,422
cs48,2,batch3,n,422
cs49,1,batch3,n,422
cs50,1,batch3,n,422
fr1,1,batch3,n,422
fr2,2,batch3,n,422
fr3,1,batch3,n,422
fr4,1,batch3,n,422
fr5,3,batch3,n,422
fr6,3,batch3,n,422
fr7,1,batch3,n,422
fr8,3,batch3,n,422
fr9,1,batch3,n,422
fr10,4,batch3,n,422
fr11,2,batch3,n,422
fr12,1,batch3,n,422
fr13,1,batch3,n,422
fr14,3,batch3,n,422
fr15,1,batch3,n,422
cs51,1,batch3,n,422
cs52,1,batch3,n,422
cs53,1,batch3,n,422
cs54,3,batch3,n,422
cs55,3,batch3,n,422
cs56,1,batch3,n,422
cs57,1,batch3,n,422
cs58,1,batch3,n,422
cs59,1,batch3,n,422
cs60,1,batch3,n,422
de61,3,batch3,n,422
de62,3,batch3,n,422
de63,3,batch3,n,422
de64,1,batch3,n,422
de66,1,batch3,n,422
de67,2,batch3,n,422
de68,2,batch3,n,422
de69,1,batch3,n,422
de70,4,batch3,n,422
de71,2,batch3,n,422
de72,1,batch3,n,422
de73,2,batch3,n,422
de74,4,batch3,n,422
de75,2,batch3,n,422
or31,3,batch3,n,424
or32,3,batch3,n,424
or33,4,batch3,n,424
or34,3,batch3,n,424
or35,1,batch3,n,424
or36,4,batch3,n,424
or37,4,batch3,n,424
or38,3,batch3,n,424
or39,3,batch3,n,424
or40,1,batch3,n,424
or41,4,batch3,n,424
or42,1,batch3,n,424
or43,4,batch3,n,424
or44,3,batch3,n,424
or45,2,batch3,n,424
cs46,3,batch3,n,424
cs47,4,batch3,n,424
cs48,1,batch3,n,424
cs49,2,batch3,n,424
cs50,4,batch3,n,424
fr1,2,batch3,n,424
fr2,3,batch3,n,424
fr3,2,batch3,n,424
fr4,3,batch3,n,424
fr5,1,batch3,n,424
fr6,2,batch3,n,424
fr7,4,batch3,n,424
fr8,3,batch3,n,424
fr10,4,batch3,n,424
fr11,2,batch3,n,424
fr12,2,batch3,n,424
fr13,3,batch3,n,424
fr14,2,batch3,n,424
fr15,4,batch3,n,424
cs51,2,batch3,n,424
cs52,2,batch3,n,424
cs53,2,batch3,n,424
cs54,1,batch3,n,424
cs55,3,batch3,n,424
cs56,1,batch3,n,424
cs57,3,batch3,n,424
cs58,1,batch3,n,424
cs59,2,batch3,n,424
cs60,2,batch3,n,424
de61,3,batch3,n,424
de62,3,batch3,n,424
de63,3,batch3,n,424
de64,2,batch3,n,424
de65,1,batch3,n,424
de66,3,batch3,n,424
de67,4,batch3,n,424
de68,3,batch3,n,424
de69,1,batch3,n,424
de70,3,batch3,n,424
de71,1,batch3,n,424
de72,2,batch3,n,424
de73,3,batch3,n,424
de74,3,batch3,n,424
de75,1,batch3,n,424
or46,3,batch4,n,145
or47,2,batch4,n,145
or48,2,batch4,n,145
or49,2,batch4,n,145
or50,3,batch4,n,145
de1,3,batch4,n,145
de2,3,batch4,n,145
de3,3,batch4,n,145
de4,3,batch4,n,145
de5,1,batch4,n,145
de6,1,batch4,n,145
de7,3,batch4,n,145
de8,3,batch4,n,145
de9,3,batch4,n,145
de10,3,batch4,n,145
de11,1,batch4,n,145
de12,1,batch4,n,145
de13,1,batch4,n,145
de14,1,batch4,n,145
de15,2,batch4,n,145
fr16,3,batch4,n,145
fr17,3,batch4,n,145
fr18,3,batch4,n,145
fr19,3,batch4,n,145
fr20,1,batch4,n,145
fr21,3,batch4,n,145
fr22,3,batch4,n,145
fr23,3,batch4,n,145
fr24,3,batch4,n,145
fr25,3,batch4,n,145
fr26,3,batch4,n,145
fr27,3,batch4,n,145
fr28,3,batch4,n,145
fr29,4,batch4,n,145
fr30,1,batch4,n,145
or51,3,batch4,n,145
or52,3,batch4,n,145
or53,1,batch4,n,145
or54,3,batch4,n,145
or55,3,batch4,n,145
or56,3,batch4,n,145
or57,4,batch4,n,145
or58,4,batch4,n,145
or59,3,batch4,n,145
or60,3,batch4,n,145
cs61,3,batch4,n,145
cs62,1,batch4,n,145
cs63,2,batch4,n,145
cs64,1,batch4,n,145
cs65,1,batch4,n,145
cs66,1,batch4,n,145
cs67,3,batch4,n,145
cs68,3,batch4,n,145
cs69,2,batch4,n,145
cs70,1,batch4,n,145
cs71,1,batch4,n,145
cs73,4,batch4,n,145
cs74,2,batch4,n,145
cs75,2,batch4,n,145
or46,3,batch4,n,149
or47,2,batch4,n,149
or48,3,batch4,n,149
or49,3,batch4,n,149
or50,3,batch4,n,149
de1,1,batch4,n,149
de2,3,batch4,n,149
de3,2,batch4,n,149
de4,3,batch4,n,149
de5,2,batch4,n,149
de6,3,batch4,n,149
de7,2,batch4,n,149
de8,4,batch4,n,149
de9,4,batch4,n,149
de10,3,batch4,n,149
de11,1,batch4,n,149
de12,2,batch4,n,149
de13,2,batch4,n,149
de14,1,batch4,n,149
de15,1,batch4,n,149
fr16,3,batch4,n,149
fr17,3,batch4,n,149
fr18,2,batch4,n,149
fr19,3,batch4,n,149
fr20,1,batch4,n,149
fr21,4,batch4,n,149
fr22,3,batch4,n,149
fr23,2,batch4,n,149
fr24,3,batch4,n,149
fr25,3,batch4,n,149
fr26,3,batch4,n,149
fr27,3,batch4,n,149
fr28,4,batch4,n,149
fr29,3,batch4,n,149
fr30,1,batch4,n,149
or51,4,batch4,n,149
or53,3,batch4,n,149
or54,3,batch4,n,149
or55,3,batch4,n,149
or56,3,batch4,n,149
or57,3,batch4,n,149
or58,3,batch4,n,149
or59,4,batch4,n,149
or60,3,batch4,n,149
cs61,1,batch4,n,149
cs62,1,batch4,n,149
cs63,1,batch4,n,149
cs64,4,batch4,n,149
cs65,2,batch4,n,149
cs66,3,batch4,n,149
cs67,3,batch4,n,149
cs68,2,batch4,n,149
cs69,3,batch4,n,149
cs70,3,batch4,n,149
cs71,4,batch4,n,149
cs72,1,batch4,n,149
cs73,3,batch4,n,149
cs74,3,batch4,n,149
cs75,3,batch4,n,149
or46,3,batch4,n,153
or47,4,batch4,n,153
or48,2,batch4,n,153
or49,3,batch4,n,153
or50,4,batch4,n,153
de1,3,batch4,n,153
de2,3,batch4,n,153
de3,1,batch4,n,153
de4,1,batch4,n,153
de5,1,batch4,n,153
de6,2,batch4,n,153
de7,2,batch4,n,153
de8,3,batch4,n,153
de9,1,batch4,n,153
de10,1,batch4,n,153
de11,3,batch4,n,153
de12,3,batch4,n,153
de13,1,batch4,n,153
de14,3,batch4,n,153
de15,2,batch4,n,153
fr16,3,batch4,n,153
fr17,2,batch4,n,153
fr18,3,batch4,n,153
fr19,1,batch4,n,153
fr20,2,batch4,n,153
fr21,2,batch4,n,153
fr22,3,batch4,n,153
fr23,3,batch4,n,153
fr24,3,batch4,n,153
fr25,3,batch4,n,153
fr26,3,batch4,n,153
fr27,1,batch4,n,153
fr28,4,batch4,n,153
fr29,2,batch4,n,153
fr30,1,batch4,n,153
or51,3,batch4,n,153
or52,4,batch4,n,153
or53,3,batch4,n,153
or54,3,batch4,n,153
or55,2,batch4,n,153
or56,3,batch4,n,153
or57,2,batch4,n,153
or58,3,batch4,n,153
or59,3,batch4,n,153
or60,3,batch4,n,153
cs61,1,batch4,n,153
cs62,2,batch4,n,153
cs63,1,batch4,n,153
cs64,2,batch4,n,153
cs65,2,batch4,n,153
cs66,1,batch4,n,153
cs67,3,batch4,n,153
cs68,2,batch4,n,153
cs69,4,batch4,n,153
cs70,2,batch4,n,153
cs71,4,batch4,n,153
cs73,2,batch4,n,153
cs74,4,batch4,n,153
cs75,3,batch4,n,153
or46,4,batch4,n,293
or47,3,batch4,n,293
or49,3,batch4,n,293
or50,1,batch4,n,293
de2,3,batch4,n,293
de3,2,batch4,n,293
de4,2,batch4,n,293
de5,4,batch4,n,293
de6,4,batch4,n,293
de7,3,batch4,n,293
de8,4,batch4,n,293
de9,1,batch4,n,293
de10,3,batch4,n,293
de11,2,batch4,n,293
de12,2,batch4,n,293
de13,1,batch4,n,293
de14,1,batch4,n,293
de15,3,batch4,n,293
fr16,3,batch4,n,293
fr17,3,batch4,n,293
fr18,2,batch4,n,293
fr19,3,batch4,n,293
fr20,1,batch4,n,293
fr21,3,batch4,n,293
fr22,3,batch4,n,293
fr23,3,batch4,n,293
fr24,3,batch4,n,293
fr25,4,batch4,n,293
fr26,3,batch4,n,293
fr27,2,batch4,n,293
fr28,3,batch4,n,293
fr29,2,batch4,n,293
fr30,3,batch4,n,293
or51,3,batch4,n,293
or52,4,batch4,n,293
or53,3,batch4,n,293
or54,2,batch4,n,293
or55,3,batch4,n,293
or56,3,batch4,n,293
or57,3,batch4,n,293
or58,3,batch4,n,293
or59,2,batch4,n,293
or60,2,batch4,n,293
cs61,4,batch4,n,293
cs62,1,batch4,n,293
cs63,2,batch4,n,293
cs64,1,batch4,n,293
cs65,1,batch4,n,293
cs66,1,batch4,n,293
cs67,1,batch4,n,293
cs68,3,batch4,n,293
cs69,1,batch4,n,293
cs70,1,batch4,n,293
cs71,1,batch4,n,293
cs73,2,batch4,n,293
cs74,3,batch4,n,293
cs75,4,batch4,n,293
or46,2,batch4,n,306
or47,2,batch4,n,306
or48,3,batch4,n,306
or49,4,batch4,n,306
or50,3,batch4,n,306
de1,3,batch4,n,306
de2,3,batch4,n,306
de3,2,batch4,n,306
de4,4,batch4,n,306
de5,2,batch4,n,306
de6,1,batch4,n,306
de7,3,batch4,n,306
de8,3,batch4,n,306
de9,1,batch4,n,306
de10,3,batch4,n,306
de11,1,batch4,n,306
de12,1,batch4,n,306
de13,2,batch4,n,306
de14,4,batch4,n,306
de15,1,batch4,n,306
fr16,3,batch4,n,306
fr17,3,batch4,n,306
fr18,3,batch4,n,306
fr19,1,batch4,n,306
fr20,2,batch4,n,306
fr21,3,batch4,n,306
fr22,3,batch4,n,306
fr23,3,batch4,n,306
fr24,4,batch4,n,306
fr25,3,batch4,n,306
fr26,4,batch4,n,306
fr27,1,batch4,n,306
fr28,1,batch4,n,306
fr29,2,batch4,n,306
fr30,4,batch4,n,306
or51,4,batch4,n,306
or52,1,batch4,n,306
or53,2,batch4,n,306
or54,1,batch4,n,306
or55,4,batch4,n,306
or56,3,batch4,n,306
or57,3,batch4,n,306
or58,3,batch4,n,306
or59,2,batch4,n,306
or60,1,batch4,n,306
cs61,1,batch4,n,306
cs62,3,batch4,n,306
cs63,3,batch4,n,306
cs64,2,batch4,n,306
cs65,4,batch4,n,306
cs66,2,batch4,n,306
cs67,3,batch4,n,306
cs68,1,batch4,n,306
cs69,1,batch4,n,306
cs70,1,batch4,n,306
cs71,1,batch4,n,306
cs72,2,batch4,n,306
cs73,3,batch4,n,306
cs74,2,batch4,n,306
cs75,3,batch4,n,306
or46,3,batch4,n,354
or47,1,batch4,n,354
or48,4,batch4,n,354
or49,4,batch4,n,354
or50,3,batch4,n,354
de1,2,batch4,n,354
de2,4,batch4,n,354
de3,1,batch4,n,354
de4,2,batch4,n,354
de5,2,batch4,n,354
de7,2,batch4,n,354
de8,3,batch4,n,354
de9,3,batch4,n,354
de10,4,batch4,n,354
de11,2,batch4,n,354
de12,3,batch4,n,354
de13,1,batch4,n,354
de14,3,batch4,n,354
de15,1,batch4,n,354
fr16,4,batch4,n,354
fr17,2,batch4,n,354
fr18,1,batch4,n,354
fr19,2,batch4,n,354
fr20,3,batch4,n,354
fr21,4,batch4,n,354
fr22,3,batch4,n,354
fr23,3,batch4,n,354
fr24,3,batch4,n,354
fr25,3,batch4,n,354
fr26,3,batch4,n,354
fr27,1,batch4,n,354
fr28,4,batch4,n,354
fr29,3,batch4,n,354
fr30,2,batch4,n,354
or51,3,batch4,n,354
or52,3,batch4,n,354
or53,2,batch4,n,354
or54,3,batch4,n,354
or55,4,batch4,n,354
or56,3,batch4,n,354
or57,3,batch4,n,354
or58,4,batch4,n,354
or59,3,batch4,n,354
or60,3,batch4,n,354
cs61,2,batch4,n,354
cs62,2,batch4,n,354
cs63,1,batch4,n,354
cs64,1,batch4,n,354
cs65,1,batch4,n,354
cs66,1,batch4,n,354
cs67,1,batch4,n,354
cs68,3,batch4,n,354
cs69,2,batch4,n,354
cs70,2,batch4,n,354
cs71,1,batch4,n,354
cs72,1,batch4,n,354
cs73,2,batch4,n,354
cs74,2,batch4,n,354
cs75,3,batch4,n,354
or46,3,batch4,n,381
or47,2,batch4,n,381
or48,3,batch4,n,381
or49,4,batch4,n,381
or50,3,batch4,n,381
de1,3,batch4,n,381
de2,4,batch4,n,381
de3,3,batch4,n,381
de4,3,batch4,n,381
de5,2,batch4,n,381
de6,1,batch4,n,381
de7,2,batch4,n,381
de8,3,batch4,n,381
de9,2,batch4,n,381
de10,4,batch4,n,381
de11,1,batch4,n,381
de12,1,batch4,n,381
de14,2,batch4,n,381
de15,3,batch4,n,381
fr16,3,batch4,n,381
fr17,4,batch4,n,381
fr18,3,batch4,n,381
fr19,3,batch4,n,381
fr20,3,batch4,n,381
fr21,3,batch4,n,381
fr22,3,batch4,n,381
fr23,4,batch4,n,381
fr24,4,batch4,n,381
fr25,3,batch4,n,381
fr26,1,batch4,n,381
fr27,1,batch4,n,381
fr28,3,batch4,n,381
fr29,1,batch4,n,381
fr30,3,batch4,n,381
or51,3,batch4,n,381
or52,3,batch4,n,381
or53,3,batch4,n,381
or54,3,batch4,n,381
or55,2,batch4,n,381
or56,4,batch4,n,381
or57,3,batch4,n,381
or58,3,batch4,n,381
or59,3,batch4,n,381
or60,4,batch4,n,381
cs61,2,batch4,n,381
cs62,1,batch4,n,381
cs63,3,batch4,n,381
cs64,1,batch4,n,381
cs65,1,batch4,n,381
cs66,3,batch4,n,381
cs67,4,batch4,n,381
cs68,3,batch4,n,381
cs69,2,batch4,n,381
cs70,2,batch4,n,381
cs71,2,batch4,n,381
cs73,1,batch4,n,381
cs74,3,batch4,n,381
or46,3,batch4,n,404
or47,2,batch4,n,404
or48,1,batch4,n,404
or49,3,batch4,n,404
or50,3,batch4,n,404
de1,1,batch4,n,404
de2,2,batch4,n,404
de3,1,batch4,n,404
de4,3,batch4,n,404
de5,2,batch4,n,404
de6,1,batch4,n,404
de7,1,batch4,n,404
de8,4,batch4,n,404
de9,3,batch4,n,404
de10,3,batch4,n,404
de11,1,batch4,n,404
de12,3,batch4,n,404
de13,1,batch4,n,404
de14,2,batch4,n,404
de15,3,batch4,n,404
fr16,3,batch4,n,404
fr17,3,batch4,n,404
fr18,2,batch4,n,404
fr19,3,batch4,n,404
fr20,3,batch4,n,404
fr21,2,batch4,n,404
fr22,4,batch4,n,404
fr23,3,batch4,n,404
fr24,1,batch4,n,404
fr25,3,batch4,n,404
fr26,2,batch4,n,404
fr28,3,batch4,n,404
fr29,1,batch4,n,404
fr30,1,batch4,n,404
or51,3,batch4,n,404
or52,3,batch4,n,404
or53,4,batch4,n,404
or54,3,batch4,n,404
or55,4,batch4,n,404
or56,3,batch4,n,404
or57,3,batch4,n,404
or58,3,batch4,n,404
or59,3,batch4,n,404
or60,3,batch4,n,404
cs61,2,batch4,n,404
cs62,1,batch4,n,404
cs63,3,batch4,n,404
cs64,2,batch4,n,404
cs65,1,batch4,n,404
cs67,1,batch4,n,404
cs68,3,batch4,n,404
cs69,3,batch4,n,404
cs70,1,batch4,n,404
cs71,1,batch4,n,404
cs72,2,batch4,n,404
cs73,2,batch4,n,404
cs74,3,batch4,n,404
cs75,3,batch4,n,404
or46,3,batch4,n,471
or47,1,batch4,n,471
or48,1,batch4,n,471
or49,4,batch4,n,471
or50,4,batch4,n,471
de1,2,batch4,n,471
de2,3,batch4,n,471
de3,1,batch4,n,471
de4,1,batch4,n,471
de5,1,batch4,n,471
de6,4,batch4,n,471
de7,2,batch4,n,471
de8,1,batch4,n,471
de9,1,batch4,n,471
de10,3,batch4,n,471
de11,2,batch4,n,471
de12,2,batch4,n,471
de13,2,batch4,n,471
de14,2,batch4,n,471
de15,4,batch4,n,471
fr16,3,batch4,n,471
fr17,3,batch4,n,471
fr18,3,batch4,n,471
fr19,2,batch4,n,471
fr20,2,batch4,n,471
fr21,3,batch4,n,471
fr22,2,batch4,n,471
fr23,2,batch4,n,471
fr24,2,batch4,n,471
fr25,3,batch4,n,471
fr26,3,batch4,n,471
fr27,1,batch4,n,471
fr28,1,batch4,n,471
fr29,3,batch4,n,471
fr30,4,batch4,n,471
or51,4,batch4,n,471
or52,3,batch4,n,471
or53,3,batch4,n,471
or54,4,batch4,n,471
or55,1,batch4,n,471
or56,3,batch4,n,471
or57,1,batch4,n,471
or58,4,batch4,n,471
or59,4,batch4,n,471
or60,4,batch4,n,471
cs61,2,batch4,n,471
cs62,3,batch4,n,471
cs63,3,batch4,n,471
cs64,3,batch4,n,471
cs65,1,batch4,n,471
cs66,2,batch4,n,471
cs67,1,batch4,n,471
cs68,1,batch4,n,471
cs69,1,batch4,n,471
cs70,1,batch4,n,471
cs71,1,batch4,n,471
cs72,1,batch4,n,471
cs73,1,batch4,n,471
cs74,3,batch4,n,471
cs75,3,batch4,n,471
or46,3,batch4,n,483
or47,2,batch4,n,483
or48,2,batch4,n,483
or49,3,batch4,n,483
or50,4,batch4,n,483
de1,3,batch4,n,483
de2,2,batch4,n,483
de3,1,batch4,n,483
de4,2,batch4,n,483
de5,3,batch4,n,483
de6,1,batch4,n,483
de7,3,batch4,n,483
de8,3,batch4,n,483
de9,2,batch4,n,483
de10,3,batch4,n,483
de11,1,batch4,n,483
de12,3,batch4,n,483
de13,1,batch4,n,483
de14,3,batch4,n,483
de15,3,batch4,n,483
fr16,3,batch4,n,483
fr17,3,batch4,n,483
fr18,3,batch4,n,483
fr19,1,batch4,n,483
fr20,2,batch4,n,483
fr21,3,batch4,n,483
fr22,3,batch4,n,483
fr23,2,batch4,n,483
fr24,3,batch4,n,483
fr25,3,batch4,n,483
fr26,3,batch4,n,483
fr27,1,batch4,n,483
fr28,1,batch4,n,483
fr29,4,batch4,n,483
fr30,1,batch4,n,483
or51,3,batch4,n,483
or52,3,batch4,n,483
or53,2,batch4,n,483
or54,3,batch4,n,483
or55,4,batch4,n,483
or56,4,batch4,n,483
or57,3,batch4,n,483
or58,3,batch4,n,483
or59,1,batch4,n,483
or60,3,batch4,n,483
cs61,4,batch4,n,483
cs62,2,batch4,n,483
cs63,2,batch4,n,483
cs64,1,batch4,n,483
cs65,2,batch4,n,483
cs66,2,batch4,n,483
cs67,1,batch4,n,483
cs68,2,batch4,n,483
cs69,2,batch4,n,483
cs70,2,batch4,n,483
cs72,1,batch4,n,483
cs73,4,batch4,n,483
cs74,3,batch4,n,483
cs75,1,batch4,n,483
cs1,1,batch5,n,103
cs3,2,batch5,n,103
cs4,3,batch5,n,103
cs5,3,batch5,n,103
cs6,4,batch5,n,103
cs7,3,batch5,n,103
cs8,1,batch5,n,103
cs9,1,batch5,n,103
cs10,3,batch5,n,103
cs11,3,batch5,n,103
cs12,1,batch5,n,103
cs13,2,batch5,n,103
cs14,3,batch5,n,103
cs15,4,batch5,n,103
de16,3,batch5,n,103
de17,3,batch5,n,103
de18,4,batch5,n,103
de19,1,batch5,n,103
de20,2,batch5,n,103
de21,1,batch5,n,103
de22,3,batch5,n,103
de24,3,batch5,n,103
de25,4,batch5,n,103
de26,3,batch5,n,103
de27,2,batch5,n,103
de28,1,batch5,n,103
de29,3,batch5,n,103
de30,1,batch5,n,103
fr31,4,batch5,n,103
fr32,3,batch5,n,103
fr33,2,batch5,n,103
fr34,2,batch5,n,103
fr35,2,batch5,n,103
fr36,2,batch5,n,103
fr37,1,batch5,n,103
fr38,3,batch5,n,103
fr39,3,batch5,n,103
fr40,3,batch5,n,103
fr41,3,batch5,n,103
fr42,3,batch5,n,103
fr43,3,batch5,n,103
fr44,3,batch5,n,103
fr45,4,batch5,n,103
or61,4,batch5,n,103
or62,1,batch5,n,103
or63,3,batch5,n,103
or64,2,batch5,n,103
or65,4,batch5,n,103
or66,2,batch5,n,103
or67,3,batch5,n,103
or68,3,batch5,n,103
or69,3,batch5,n,103
or70,3,batch5,n,103
or71,1,batch5,n,103
or72,3,batch5,n,103
or73,3,batch5,n,103
or74,3,batch5,n,103
or75,4,batch5,n,103
cs1,1,batch5,n,122
cs2,2,batch5,n,122
cs3,3,batch5,n,122
cs4,2,batch5,n,122
cs5,2,batch5,n,122
cs6,2,batch5,n,122
cs7,3,batch5,n,122
cs8,1,batch5,n,122
cs9,3,batch5,n,122
cs10,4,batch5,n,122
cs11,1,batch5,n,122
cs12,1,batch5,n,122
cs13,3,batch5,n,122
cs14,1,batch5,n,122
cs15,1,batch5,n,122
de16,4,batch5,n,122
de17,3,batch5,n,122
de18,4,batch5,n,122
de19,1,batch5,n,122
de20,3,batch5,n,122
de21,1,batch5,n,122
de22,3,batch5,n,122
de23,4,batch5,n,122
de24,1,batch5,n,122
de25,3,batch5,n,122
de27,3,batch5,n,122
de28,1,batch5,n,122
de29,2,batch5,n,122
de30,1,batch5,n,122
fr31,3,batch5,n,122
fr32,1,batch5,n,122
fr33,4,batch5,n,122
fr34,2,batch5,n,122
fr36,2,batch5,n,122
fr37,3,batch5,n,122
fr38,3,batch5,n,122
fr39,3,batch5,n,122
fr40,1,batch5,n,122
fr41,4,batch5,n,122
fr42,3,batch5,n,122
fr43,3,batch5,n,122
fr44,1,batch5,n,122
fr45,2,batch5,n,122
or61,2,batch5,n,122
or62,3,batch5,n,122
or63,4,batch5,n,122
or64,3,batch5,n,122
or65,3,batch5,n,122
or66,2,batch5,n,122
or67,3,batch5,n,122
or68,3,batch5,n,122
or69,3,batch5,n,122
or70,3,batch5,n,122
or71,3,batch5,n,122
or72,1,batch5,n,122
or73,3,batch5,n,122
or74,4,batch5,n,122
or75,2,batch5,n,122
cs1,3,batch5,n,142
cs3,2,batch5,n,142
cs4,4,batch5,n,142
cs5,1,batch5,n,142
cs6,1,batch5,n,142
cs7,3,batch5,n,142
cs8,2,batch5,n,142
cs9,2,batch5,n,142
cs10,3,batch5,n,142
cs11,1,batch5,n,142
cs13,3,batch5,n,142
cs14,1,batch5,n,142
cs15,3,batch5,n,142
de16,3,batch5,n,142
de17,3,batch5,n,142
de18,1,batch5,n,142
de19,2,batch5,n,142
de20,1,batch5,n,142
de21,3,batch5,n,142
de22,1,batch5,n,142
de23,3,batch5,n,142
de24,2,batch5,n,142
de25,3,batch5,n,142
de26,3,batch5,n,142
de27,2,batch5,n,142
de28,4,batch5,n,142
de29,2,batch5,n,142
de30,1,batch5,n,142
fr31,2,batch5,n,142
fr32,2,batch5,n,142
fr33,3,batch5,n,142
fr34,3,batch5,n,142
fr35,3,batch5,n,142
fr36,3,batch5,n,142
fr37,4,batch5,n,142
fr38,3,batch5,n,142
fr39,3,batch5,n,142
fr41,3,batch5,n,142
fr43,1,batch5,n,142
fr44,1,batch5,n,142
fr45,1,batch5,n,142
or61,3,batch5,n,142
or62,3,batch5,n,142
or63,3,batch5,n,142
or64,3,batch5,n,142
or65,4,batch5,n,142
or66,3,batch5,n,142
or67,4,batch5,n,142
or68,3,batch5,n,142
or69,3,batch5,n,142
or70,4,batch5,n,142
or71,3,batch5,n,142
or72,4,batch5,n,142
or73,4,batch5,n,142
or74,3,batch5,n,142
or75,3,batch5,n,142
cs1,2,batch5,n,235
cs2,4,batch5,n,235
cs3,1,batch5,n,235
cs4,3,batch5,n,235
cs5,3,batch5,n,235
cs6,1,batch5,n,235
cs7,3,batch5,n,235
cs8,1,batch5,n,235
cs9,1,batch5,n,235
cs10,3,batch5,n,235
cs11,1,batch5,n,235
cs12,2,batch5,n,235
cs13,3,batch5,n,235
cs14,4,batch5,n,235
cs15,4,batch5,n,235
de16,2,batch5,n,235
de17,2,batch5,n,235
de18,3,batch5,n,235
de19,2,batch5,n,235
de20,1,batch5,n,235
de21,3,batch5,n,235
de22,2,batch5,n,235
de23,4,batch5,n,235
de24,3,batch5,n,235
de25,3,batch5,n,235
de27,1,batch5,n,235
de28,4,batch5,n,235
de29,1,batch5,n,235
de30,1,batch5,n,235
fr31,1,batch5,n,235
fr32,3,batch5,n,235
fr33,1,batch5,n,235
fr34,3,batch5,n,235
fr35,1,batch5,n,235
fr36,3,batch5,n,235
fr37,3,batch5,n,235
fr38,3,batch5,n,235
fr39,4,batch5,n,235
fr40,3,batch5,n,235
fr41,1,batch5,n,235
fr42,1,batch5,n,235
fr43,3,batch5,n,235
fr44,1,batch5,n,235
or61,3,batch5,n,235
or62,3,batch5,n,235
or63,4,batch5,n,235
or64,2,batch5,n,235
or65,4,batch5,n,235
or66,3,batch5,n,235
or67,3,batch5,n,235
or68,3,batch5,n,235
or69,2,batch5,n,235
or70,2,batch5,n,235
or71,3,batch5,n,235
or72,3,batch5,n,235
or73,4,batch5,n,235
or74,2,batch5,n,235
or75,3,batch5,n,235
cs2,1,batch5,n,261
cs3,1,batch5,n,261
cs4,1,batch5,n,261
cs5,2,batch5,n,261
cs6,2,batch5,n,261
cs7,3,batch5,n,261
cs8,4,batch5,n,261
cs9,3,batch5,n,261
cs10,3,batch5,n,261
cs11,3,batch5,n,261
cs12,4,batch5,n,261
cs13,2,batch5,n,261
cs14,2,batch5,n,261
cs15,4,batch5,n,261
de16,3,batch5,n,261
de17,3,batch5,n,261
de18,3,batch5,n,261
de19,3,batch5,n,261
de20,1,batch5,n,261
de21,3,batch5,n,261
de22,3,batch5,n,261
de23,1,batch5,n,261
de24,1,batch5,n,261
de25,3,batch5,n,261
de26,2,batch5,n,261
de27,4,batch5,n,261
de28,3,batch5,n,261
de29,1,batch5,n,261
de30,2,batch5,n,261
fr32,1,batch5,n,261
fr33,3,batch5,n,261
fr34,3,batch5,n,261
fr35,3,batch5,n,261
fr36,4,batch5,n,261
fr37,3,batch5,n,261
fr38,3,batch5,n,261
fr39,3,batch5,n,261
fr40,2,batch5,n,261
fr41,2,batch5,n,261
fr42,2,batch5,n,261
fr43,1,batch5,n,261
fr44,4,batch5,n,261
fr45,2,batch5,n,261
or61,3,batch5,n,261
or62,3,batch5,n,261
or63,2,batch5,n,261
or64,3,batch5,n,261
or65,3,batch5,n,261
or66,1,batch5,n,261
or67,4,batch5,n,261
or68,3,batch5,n,261
or69,3,batch5,n,261
or70,3,batch5,n,261
or71,4,batch5,n,261
or72,3,batch5,n,261
or73,3,batch5,n,261
or74,3,batch5,n,261
or75,4,batch5,n,261
cs1,1,batch5,n,362
cs2,1,batch5,n,362
cs3,3,batch5,n,362
cs4,2,batch5,n,362
cs5,2,batch5,n,362
cs6,3,batch5,n,362
cs7,4,batch5,n,362
cs8,2,batch5,n,362
cs9,3,batch5,n,362
cs10,3,batch5,n,362
cs12,1,batch5,n,362
cs13,1,batch5,n,362
cs14,1,batch5,n,362
cs15,3,batch5,n,362
de16,3,batch5,n,362
de17,4,batch5,n,362
de18,2,batch5,n,362
de19,2,batch5,n,362
de20,2,batch5,n,362
de21,4,batch5,n,362
de22,2,batch5,n,362
de24,1,batch5,n,362
de25,4,batch5,n,362
de26,3,batch5,n,362
de27,1,batch5,n,362
de28,1,batch5,n,362
de29,1,batch5,n,362
de30,3,batch5,n,362
fr31,3,batch5,n,362
fr32,2,batch5,n,362
fr33,1,batch5,n,362
fr34,3,batch5,n,362
fr35,3,batch5,n,362
fr36,4,batch5,n,362
fr37,1,batch5,n,362
fr38,3,batch5,n,362
fr39,1,batch5,n,362
fr40,3,batch5,n,362
fr41,2,batch5,n,362
fr42,2,batch5,n,362
fr43,2,batch5,n,362
fr44,3,batch5,n,362
fr45,3,batch5,n,362
or61,4,batch5,n,362
or62,3,batch5,n,362
or63,3,batch5,n,362
or64,4,batch5,n,362
or65,3,batch5,n,362
or66,2,batch5,n,362
or67,3,batch5,n,362
or68,3,batch5,n,362
or69,3,batch5,n,362
or70,3,batch5,n,362
or71,1,batch5,n,362
or72,2,batch5,n,362
or73,3,batch5,n,362
or74,3,batch5,n,362
or75,3,batch5,n,362
cs1,1,batch5,n,371
cs2,3,batch5,n,371
cs3,2,batch5,n,371
cs4,4,batch5,n,371
cs5,3,batch5,n,371
cs6,4,batch5,n,371
cs7,3,batch5,n,371
cs8,2,batch5,n,371
cs9,3,batch5,n,371
cs10,3,batch5,n,371
cs11,2,batch5,n,371
cs12,1,batch5,n,371
cs13,2,batch5,n,371
cs14,4,batch5,n,371
cs15,1,batch5,n,371
de16,4,batch5,n,371
de17,2,batch5,n,371
de18,2,batch5,n,371
de19,1,batch5,n,371
de20,3,batch5,n,371
de21,1,batch5,n,371
de22,4,batch5,n,371
de23,1,batch5,n,371
de24,1,batch5,n,371
de25,3,batch5,n,371
de26,3,batch5,n,371
de27,1,batch5,n,371
de28,2,batch5,n,371
de29,1,batch5,n,371
de30,1,batch5,n,371
fr31,1,batch5,n,371
fr32,1,batch5,n,371
fr33,3,batch5,n,371
fr34,3,batch5,n,371
fr35,3,batch5,n,371
fr36,2,batch5,n,371
fr37,1,batch5,n,371
fr38,2,batch5,n,371
fr39,3,batch5,n,371
fr40,2,batch5,n,371
fr41,1,batch5,n,371
fr42,1,batch5,n,371
fr43,1,batch5,n,371
fr44,4,batch5,n,371
fr45,3,batch5,n,371
or61,3,batch5,n,371
or62,4,batch5,n,371
or63,4,batch5,n,371
or64,3,batch5,n,371
or65,3,batch5,n,371
or66,3,batch5,n,371
or67,3,batch5,n,371
or68,3,batch5,n,371
or69,3,batch5,n,371
or70,1,batch5,n,371
or71,3,batch5,n,371
or72,2,batch5,n,371
or73,3,batch5,n,371
or74,4,batch5,n,371
or75,3,batch5,n,371
cs1,1,batch5,n,395
cs2,2,batch5,n,395
cs3,1,batch5,n,395
cs4,2,batch5,n,395
cs5,2,batch5,n,395
cs6,1,batch5,n,395
cs7,3,batch5,n,395
cs8,2,batch5,n,395
cs9,1,batch5,n,395
cs10,3,batch5,n,395
cs11,1,batch5,n,395
cs13,4,batch5,n,395
cs14,2,batch5,n,395
cs15,2,batch5,n,395
de16,3,batch5,n,395
de17,4,batch5,n,395
de18,3,batch5,n,395
de19,2,batch5,n,395
de20,1,batch5,n,395
de21,1,batch5,n,395
de22,1,batch5,n,395
de23,1,batch5,n,395
de24,1,batch5,n,395
de25,3,batch5,n,395
de26,2,batch5,n,395
de28,3,batch5,n,395
de29,2,batch5,n,395
de30,1,batch5,n,395
fr31,1,batch5,n,395
fr32,2,batch5,n,395
fr33,4,batch5,n,395
fr34,2,batch5,n,395
fr36,4,batch5,n,395
fr37,1,batch5,n,395
fr38,3,batch5,n,395
fr39,2,batch5,n,395
fr40,1,batch5,n,395
fr41,3,batch5,n,395
fr42,1,batch5,n,395
fr43,3,batch5,n,395
fr44,3,batch5,n,395
fr45,3,batch5,n,395
or61,3,batch5,n,395
or62,3,batch5,n,395
or63,4,batch5,n,395
or64,3,batch5,n,395
or65,3,batch5,n,395
or66,1,batch5,n,395
or67,3,batch5,n,395
or68,3,batch5,n,395
or69,4,batch5,n,395
or70,3,batch5,n,395
or71,4,batch5,n,395
or72,3,batch5,n,395
or73,4,batch5,n,395
or74,4,batch5,n,395
or75,3,batch5,n,395
cs1,3,batch5,n,411
cs2,1,batch5,n,411
cs3,4,batch5,n,411
cs4,4,batch5,n,411
cs5,2,batch5,n,411
cs6,3,batch5,n,411
cs7,4,batch5,n,411
cs8,2,batch5,n,411
cs9,2,batch5,n,411
cs10,3,batch5,n,411
cs11,2,batch5,n,411
cs13,2,batch5,n,411
cs14,1,batch5,n,411
cs15,3,batch5,n,411
de16,4,batch5,n,411
de17,3,batch5,n,411
de18,1,batch5,n,411
de19,1,batch5,n,411
de20,1,batch5,n,411
de21,1,batch5,n,411
de22,3,batch5,n,411
de23,2,batch5,n,411
de24,1,batch5,n,411
de25,3,batch5,n,411
de26,3,batch5,n,411
de27,1,batch5,n,411
de28,1,batch5,n,411
de29,1,batch5,n,411
de30,2,batch5,n,411
fr31,4,batch5,n,411
fr32,3,batch5,n,411
fr33,2,batch5,n,411
fr34,3,batch5,n,411
fr35,4,batch5,n,411
fr36,3,batch5,n,411
fr37,3,batch5,n,411
fr38,2,batch5,n,411
fr39,3,batch5,n,411
fr40,1,batch5,n,411
fr41,4,batch5,n,411
fr42,3,batch5,n,411
fr43,2,batch5,n,411
fr44,3,batch5,n,411
fr45,4,batch5,n,411
or61,3,batch5,n,411
or62,3,batch5,n,411
or63,1,batch5,n,411
or64,3,batch5,n,411
or65,3,batch5,n,411
or66,3,batch5,n,411
or67,3,batch5,n,411
or68,3,batch5,n,411
or69,2,batch5,n,411
or70,2,batch5,n,411
or71,2,batch5,n,411
or72,3,batch5,n,411
or73,2,batch5,n,411
or74,3,batch5,n,411
or75,2,batch5,n,411
cs2,3,batch5,n,446
cs3,4,batch5,n,446
cs4,4,batch5,n,446
cs5,1,batch5,n,446
cs6,4,batch5,n,446
cs7,1,batch5,n,446
cs8,3,batch5,n,446
cs9,3,batch5,n,446
cs10,3,batch5,n,446
cs11,2,batch5,n,446
cs12,1,batch5,n,446
cs13,1,batch5,n,446
cs14,3,batch5,n,446
cs15,3,batch5,n,446
de16,3,batch5,n,446
de17,2,batch5,n,446
de18,1,batch5,n,446
de19,1,batch5,n,446
de20,3,batch5,n,446
de21,1,batch5,n,446
de22,3,batch5,n,446
de23,3,batch5,n,446
de24,1,batch5,n,446
de25,2,batch5,n,446
de26,4,batch5,n,446
de27,2,batch5,n,446
de28,3,batch5,n,446
de30,1,batch5,n,446
fr31,1,batch5,n,446
fr32,2,batch5,n,446
fr33,2,batch5,n,446
fr34,3,batch5,n,446
fr35,3,batch5,n,446
fr36,2,batch5,n,446
fr37,3,batch5,n,446
fr38,3,batch5,n,446
fr39,3,batch5,n,446
fr40,2,batch5,n,446
fr41,1,batch5,n,446
fr42,1,batch5,n,446
fr43,2,batch5,n,446
fr44,4,batch5,n,446
fr45,3,batch5,n,446
or61,3,batch5,n,446
or62,2,batch5,n,446
or63,3,batch5,n,446
or64,3,batch5,n,446
or65,3,batch5,n,446
or66,3,batch5,n,446
or67,2,batch5,n,446
or68,3,batch5,n,446
or69,3,batch5,n,446
or70,4,batch5,n,446
or71,3,batch5,n,446
or72,3,batch5,n,446
or73,3,batch5,n,446
or74,3,batch5,n,446
or75,3,batch5,n,446
